
INSERT INTO customer (id, complete_name, dni, cuil, address, telephone, entry_date) VALUES ('3', 'Juan Perez', '34567890', '20345678901', 'Calle Falsa 123', '123456789', '2023-01-15');
INSERT into customer (id, complete_name, dni, cuil, address, telephone, entry_date) values('4', 'Carolina Chavez', '96385447', '1213456789', 'Italia 860', '2494251086', '2023-01-15');
INSERT into customer (id, complete_name, dni, cuil, address, telephone, entry_date) values ('5', 'Elina Lo', '96385447', '1213456789', 'Italia 860', '2494251086', '2023-01-15');
INSERT INTO customer (id, complete_name, dni, cuil, address, telephone, entry_date) VALUES ('6', 'Juan Pérez', '12345678', '20123456789', 'Av. Siempre Viva 123', '2494251001', '2023-01-15');
INSERT INTO customer (id, complete_name, dni, cuil, address, telephone, entry_date) VALUES ('7', 'María García', '87654321', '20987654321', 'Calle de la Luna 456', '2494251002', '2023-01-15');
INSERT INTO customer (id, complete_name, dni, cuil, address, telephone, entry_date) VALUES ('8', 'Carlos López', '34567890', '20345678901', 'Av. Independencia 789', '2494251003', '2023-01-15');
INSERT INTO customer (id, complete_name, dni, cuil, address, telephone, entry_date) VALUES ('9', 'Laura Martínez', '65432109', '20654321098', 'Calle Rosales 101', '2494251004', '2023-01-15');
INSERT INTO customer (id, complete_name, dni, cuil, address, telephone, entry_date) VALUES ('10', 'Luis González', '23456789', '20234567891', 'Av. Libertad 567', '2494251005', '2023-01-15');
INSERT INTO customer (id, complete_name, dni, cuil, address, telephone, entry_date) VALUES ('11', 'Ana Fernández', '98765432', '20987654321', 'Calle Belgrano 202', '2494251006', '2023-01-15');
INSERT INTO customer (id, complete_name, dni, cuil, address, telephone, entry_date) VALUES ('12', 'Pedro Sánchez', '87654329', '20876543213', 'Av. San Martín 303', '2494251007', '2023-01-15');
INSERT INTO customer (id, complete_name, dni, cuil, address, telephone, entry_date) VALUES ('13', 'Claudia Romero', '12345679', '20123456792', 'Calle La Paz 404', '2494251008', '2023-01-15');
INSERT INTO customer (id, complete_name, dni, cuil, address, telephone, entry_date) VALUES ('14', 'Miguel Torres', '34567891', '20345678912', 'Calle Tucumán 505', '2494251009', '2023-01-15');
INSERT INTO customer (id, complete_name, dni, cuil, address, telephone, entry_date) VALUES ('15', 'Elena Díaz', '45678901', '20456789013', 'Av. Colón 606', '2494251010', '2023-01-15');
INSERT INTO customer (id, complete_name, dni, cuil, address, telephone, entry_date) VALUES ('16', 'Jorge Morales', '56789012', '20567890124', 'Calle Moreno 707', '2494251011', '2023-01-15');
INSERT INTO customer (id, complete_name, dni, cuil, address, telephone, entry_date) VALUES ('17', 'Isabel Silva', '67890123', '20678901235', 'Av. Las Heras 808', '2494251012', '2023-01-15');
INSERT INTO customer (id, complete_name, dni, cuil, address, telephone, entry_date) VALUES ('18', 'Héctor Castro', '78901234', '20789012346', 'Calle Bolívar 909', '2494251013', '2023-01-15');
INSERT INTO customer (id, complete_name, dni, cuil, address, telephone, entry_date) VALUES ('19', 'Patricia Ruiz', '89012345', '20890123457', 'Calle Corrientes 1010', '2494251014', '2023-01-15');
INSERT INTO customer (id, complete_name, dni, cuil, address, telephone, entry_date) VALUES ('20', 'Raúl Herrera', '90123456', '20901234568', 'Av. Rivadavia 1111', '2494251015', '2023-01-15');
INSERT INTO customer (id, complete_name, dni, cuil, address, telephone, entry_date) VALUES ('21', 'Andrea Vega', '01234567', '20012345679', 'Calle Santa Fe 1212', '2494251016', '2023-01-15');
INSERT INTO customer (id, complete_name, dni, cuil, address, telephone, entry_date) VALUES ('22', 'Fernando Ortega', '23456780', '20234567890', 'Calle Güemes 1313', '2494251017', '2023-01-15');
INSERT INTO customer (id, complete_name, dni, cuil, address, telephone, entry_date) VALUES ('23', 'Sandra Ríos', '34567892', '20345678923', 'Calle San Juan 1414', '2494251018', '2023-01-15');
INSERT INTO customer (id, complete_name, dni, cuil, address, telephone, entry_date) VALUES ('24', 'Rubén Aguirre', '45678903', '20456789034', 'Av. Mitre 1515', '2494251019', '2023-01-15');
INSERT INTO customer (id, complete_name, dni, cuil, address, telephone, entry_date) VALUES ('25', 'Marta Acosta', '56789014', '20567890145', 'Calle Alem 1616', '2494251020', '2023-01-15');

INSERT INTO bank (id, name, cuit, address, telephone) VALUES ('3', 'Galicia', '123456778', 'AV. Mitre 1223', '123435');
INSERT INTO bank (id, name, cuit, address, telephone) VALUES ('4', 'Galicia', '30512345678', 'Av. Mitre 1223', '1143325678');
INSERT INTO bank (id, name, cuit, address, telephone) VALUES ('5', 'Santander Río', '30598765432', 'Calle Florida 550', '1143325679');
INSERT INTO bank (id, name, cuit, address, telephone) VALUES ('6', 'BBVA', '30654321987', 'Av. Córdoba 1200', '1143325680');
INSERT INTO bank (id, name, cuit, address, telephone) VALUES ('7', 'Banco Macro', '30567891234', 'Calle Corrientes 833', '1143325681');
INSERT INTO bank (id, name, cuit, address, telephone) VALUES ('8', 'HSBC Argentina', '30543219876', 'Av. Rivadavia 3401', '1143325682');
INSERT INTO bank (id, name, cuit, address, telephone) VALUES ('9', 'Banco Nación', '30532165498', 'Calle San Martín 344', '1143325683');
INSERT INTO bank (id, name, cuit, address, telephone) VALUES ('10', 'Banco Provincia', '30587654321', 'Av. Belgrano 432', '1143325684');
INSERT INTO bank (id, name, cuit, address, telephone) VALUES ('11', 'Banco Ciudad', '30678901234', 'Calle Defensa 609', '1143325685');
INSERT INTO bank (id, name, cuit, address, telephone) VALUES ('12', 'Banco Patagonia', '30589012345', 'Calle Reconquista 101', '1143325686');
INSERT INTO bank (id, name, cuit, address, telephone) VALUES ('13', 'Banco Credicoop', '30654321098', 'Av. De Mayo 500', '1143325687');
INSERT INTO bank (id, name, cuit, address, telephone) VALUES ('14', 'Banco Itaú', '30678943210', 'Calle Lavalle 600', '1143325688');
INSERT INTO bank (id, name, cuit, address, telephone) VALUES ('15', 'Banco Supervielle', '30609876543', 'Calle Salta 789', '1143325689');
INSERT INTO bank (id, name, cuit, address, telephone) VALUES ('16', 'Banco Comafi', '30587643210', 'Av. Alem 330', '1143325690');
INSERT INTO bank (id, name, cuit, address, telephone) VALUES ('17', 'Banco de Córdoba', '30654321678', 'Calle 9 de Julio 234', '1143325691');
INSERT INTO bank (id, name, cuit, address, telephone) VALUES ('18', 'Banco de Santa Fe', '30678943256', 'Calle Mendoza 876', '1143325692');
INSERT INTO bank (id, name, cuit, address, telephone) VALUES ('19', 'Banco Industrial', '30543217890', 'Av. Callao 1234', '1143325693');
INSERT INTO bank (id, name, cuit, address, telephone) VALUES ('20', 'Banco del Chubut', '30698712345', 'Calle Brown 210', '1143325694');
INSERT INTO bank (id, name, cuit, address, telephone) VALUES ('21', 'Banco Hipotecario', '30567894321', 'Av. Sarmiento 1400', '1143325695');
INSERT INTO bank (id, name, cuit, address, telephone) VALUES ('22', 'Banco de San Juan', '30612345679', 'Calle Laprida 333', '1143325696');
INSERT INTO bank (id, name, cuit, address, telephone) VALUES ('23', 'Banco de La Pampa', '30591234567', 'Av. Libertador 5050', '1143325697');

INSERT INTO card (id, card_number, expiration_date, cvv, customer_id, bank_id, since_date, cardholder_name_in_card) VALUES ('1', '1234567812345678', '2025-12-31', '123', 3, 3, '2022-12-31', 'Carolina Chavez');

INSERT INTO card (id, card_number, expiration_Date, cvv, customer_id, bank_id, since_date, cardholder_name_in_card) VALUES ('2', '1234567812345678', '2025-12-31', '123', 6, 3, '2022-12-31', 'Juan Pérez');
INSERT INTO card (id, card_number, expiration_Date, cvv, customer_id, bank_id, since_date, cardholder_name_in_card) VALUES ('3', '2345678923456789', '2026-06-30', '456', 9, 3, '2022-12-31', 'Laura Martínez');
INSERT INTO card (id, card_number, expiration_Date, cvv, customer_id, bank_id, since_date, cardholder_name_in_card) VALUES ('4', '3456789034567890', '2027-11-30', '789', 25, 3, '2022-12-31', 'Marta Acosta');
INSERT INTO card (id, card_number, expiration_Date, cvv, customer_id, bank_id, since_date, cardholder_name_in_card) VALUES ('5', '4567890145678901', '2028-05-31', '012', 4, 6, '2022-12-31', 'Sandra Ríos');
INSERT INTO card (id, card_number, expiration_Date, cvv, customer_id, bank_id, since_date, cardholder_name_in_card) VALUES ('6', '5678901256789012', '2029-10-31', '345', 18, 5, '2022-12-31', 'Héctor Castro');
INSERT INTO card (id, card_number, expiration_Date, cvv, customer_id, bank_id, since_date, cardholder_name_in_card) VALUES ('7', '6789012367890123', '2030-03-31', '678', 20, 6, '2022-12-31', 'Raúl Herrera');
INSERT INTO card (id, card_number, expiration_Date, cvv, customer_id, bank_id, since_date, cardholder_name_in_card) VALUES ('8', '7890123478901234', '2031-08-31', '901', 11, 7, '2022-12-31', 'Ana Fernández');
INSERT INTO card (id, card_number, expiration_Date, cvv, customer_id, bank_id, since_date, cardholder_name_in_card) VALUES ('9', '8901234589012345', '2032-02-28', '234', 21, 8, '2022-12-31', 'Andrea Vega');
INSERT INTO card (id, card_number, expiration_Date, cvv, customer_id, bank_id, since_date, cardholder_name_in_card) VALUES ('10', '9012345690123456', '2033-07-31', '567', 17, 9, '2022-12-31', 'Isabel Silva');
INSERT INTO card (id, card_number, expiration_Date, cvv, customer_id, bank_id, since_date, cardholder_name_in_card) VALUES ('11', '0123456701234567', '2034-12-31', '890', 8, 10, '2022-12-31', 'Carlos López');
